{
  "loss": 0.03399883583188057,
  "val_loss": 0.01611427776515484,
  "epoch": 1,
  "global_step": 12
}