{
  "loss": 0.0004030747222714126,
  "val_loss": 0.00028366263723000884,
  "learning_rate": 0.0001250000059371814,
  "epoch": 14,
  "global_step": 675
}