{
  "loss": 0.019586695358157158,
  "val_loss": 0.012814071029424667,
  "epoch": 3,
  "global_step": 24
}