{
  "loss": 0.023241447284817696,
  "val_loss": 0.01496273372322321,
  "epoch": 2,
  "global_step": 18
}