{
  "loss": 0.03212430700659752,
  "val_loss": 0.016568759456276894,
  "epoch": 1,
  "global_step": 12
}