{
  "loss": 0.0003718702064361423,
  "val_loss": 0.00027702798251993954,
  "learning_rate": 0.0001250000059371814,
  "epoch": 13,
  "global_step": 630
}