{
  "loss": 0.03879661113023758,
  "val_loss": 0.012063718400895596,
  "epoch": 1,
  "global_step": 12
}