{
  "loss": 0.0005353851593099535,
  "val_loss": 0.00036139049916528165,
  "learning_rate": 0.0010000000474974513,
  "epoch": 5,
  "global_step": 270
}