{
  "loss": 0.0003357532259542495,
  "val_loss": 0.0002688048698473722,
  "learning_rate": 6.25000029685907e-05,
  "epoch": 18,
  "global_step": 855
}