{
  "loss": 0.0004016027960460633,
  "val_loss": 0.0003262408426962793,
  "learning_rate": 6.25000029685907e-05,
  "epoch": 17,
  "global_step": 810
}