{
  "loss": 0.00030702102230861783,
  "val_loss": 0.00025595814804546535,
  "learning_rate": 0.0002500000118743628,
  "epoch": 13,
  "global_step": 630
}