{
  "loss": 0.039349596947431564,
  "val_loss": 0.014973335899412632,
  "epoch": 2,
  "global_step": 18
}