{
  "loss": 0.03887177258729935,
  "val_loss": 0.0261900145560503,
  "epoch": 2,
  "global_step": 18
}